<ImportExportXml xmlns:xsi="http://www.w3.org/2001/XMLSchema-instance">
  <Entities>
    <Entity>
      <Name LocalizedName="Blog Post" OriginalName="Blog Post">adx_blogpost</Name>
      <EntityInfo>
        <entity Name="adx_blogpost">
          <attributes>
            <attribute PhysicalName="ace_Featured">
              <Type>bit</Type>
              <Name>ace_featured</Name>
              <LogicalName>ace_featured</LogicalName>
              <RequiredLevel>none</RequiredLevel>
              <DisplayMask>ValidForAdvancedFind|ValidForForm|ValidForGrid</DisplayMask>
              <ImeMode>auto</ImeMode>
              <ValidForUpdateApi>1</ValidForUpdateApi>
              <ValidForReadApi>1</ValidForReadApi>
              <ValidForCreateApi>1</ValidForCreateApi>
              <IsCustomField>1</IsCustomField>
              <IsAuditEnabled>1</IsAuditEnabled>
              <IsSecured>0</IsSecured>
              <IntroducedVersion>2019.6.13.1258</IntroducedVersion>
              <IsCustomizable>1</IsCustomizable>
              <IsRenameable>1</IsRenameable>
              <CanModifySearchSettings>1</CanModifySearchSettings>
              <CanModifyRequirementLevelSettings>1</CanModifyRequirementLevelSettings>
              <CanModifyAdditionalSettings>1</CanModifyAdditionalSettings>
              <SourceType>0</SourceType>
              <IsGlobalFilterEnabled>0</IsGlobalFilterEnabled>
              <IsSortableEnabled>0</IsSortableEnabled>
              <CanModifyGlobalFilterSettings>1</CanModifyGlobalFilterSettings>
              <CanModifyIsSortableSettings>1</CanModifyIsSortableSettings>
              <IsDataSourceSecret>0</IsDataSourceSecret>
              <AutoNumberFormat></AutoNumberFormat>
              <AppDefaultValue>0</AppDefaultValue>
              <optionset Name="ace_adx_blogpost_ace_featured">
                <OptionSetType>bit</OptionSetType>
                <IntroducedVersion>2019.6.13.1258</IntroducedVersion>
                <IsCustomizable>1</IsCustomizable>
                <displaynames>
                  <displayname description="Featured" languagecode="1033" />
                </displaynames>
                <Descriptions>
                  <Description description="Check to display this post as a featured post on the start page." languagecode="1033" />
                </Descriptions>
                <options>
                  <option value="0" Color="#0000ff">
                    <labels>
                      <label description="No" languagecode="1033" />
                    </labels>
                  </option>
                  <option value="1" Color="#0000ff">
                    <labels>
                      <label description="Yes" languagecode="1033" />
                    </labels>
                  </option>
                </options>
              </optionset>
              <displaynames>
                <displayname description="Featured" languagecode="1033" />
              </displaynames>
              <Descriptions>
                <Description description="Check to display this post as a featured post on the start page." languagecode="1033" />
              </Descriptions>
            </attribute>
          </attributes>
        </entity>
      </EntityInfo>
      <FormXml>
        <forms type="main">
          <systemform>
            <formid>{0a9353a1-4a9c-4ebc-8c3f-cd3bb66ff032}</formid>
            <IntroducedVersion>7.0.0003</IntroducedVersion>
            <FormPresentation>0</FormPresentation>
            <FormActivationState>1</FormActivationState>
            <form shownavigationbar="true">
              <tabs>
                <tab verticallayout="true" id="{96402a84-a79d-4a93-9e4e-47a8eae8d82f}" IsUserDefined="1">
                  <labels>
                    <label description="General" languagecode="1033" />
                  </labels>
                  <columns>
                    <column width="100%">
                      <sections>
                        <section showlabel="false" showbar="false" IsUserDefined="0" id="{ad0533bc-d6db-4fa7-a89c-b44eef0a7fa5}">
                          <labels>
                            <label description="General" languagecode="1033" />
                          </labels>
                          <rows>
                            <row>
                              <cell id="{dec989c3-3bf0-451a-894a-51f46fc78f2f}" showlabel="true" locklevel="0" colspan="2">
                                <labels>
                                  <label description="Title" languagecode="1033" />
                                </labels>
                                <control id="adx_name" classid="{4273EDBD-AC1D-40d3-9FB2-095C621B552D}" datafieldname="adx_name" disabled="false" />
                              </cell>
                            </row>
                            <row>
                              <cell id="{2ca4d650-c128-5576-8714-c5a5208e8a9e}" showlabel="true" locklevel="0" colspan="1">
                                <labels>
                                  <label description="Blog" languagecode="1033" />
                                </labels>
                                <control id="adx_blogid" classid="{270BD3DB-D9AF-4782-9025-509E298DEC0A}" datafieldname="adx_blogid" disabled="false">
                                  <parameters>
                                    <AutoResolve>true</AutoResolve>
                                    <DisableMru>false</DisableMru>
                                    <DisableQuickFind>false</DisableQuickFind>
                                    <DisableViewPicker>false</DisableViewPicker>
                                    <DefaultViewId>{0FE956FF-5EE7-4EAF-9217-7D27D967C985}</DefaultViewId>
                                    <AllowFilterOff>false</AllowFilterOff>
                                  </parameters>
                                </control>
                              </cell>
                              <cell id="{882b1592-7dc6-e5ba-eb91-50bdc2e7635a}" showlabel="true" locklevel="0" colspan="1">
                                <labels>
                                  <label description="Partial URL" languagecode="1033" />
                                </labels>
                                <control id="adx_partialurl" classid="{4273EDBD-AC1D-40d3-9FB2-095C621B552D}" datafieldname="adx_partialurl" disabled="false" />
                              </cell>
                            </row>
                            <row>
                              <cell id="{8981c7c6-ad14-7503-b367-950b0a46a1d3}" showlabel="true" locklevel="0">
                                <labels>
                                  <label description="Author" languagecode="1033" />
                                </labels>
                                <control id="adx_authorid" classid="{270BD3DB-D9AF-4782-9025-509E298DEC0A}" datafieldname="adx_authorid" disabled="false" />
                              </cell>
                              <cell id="{4ac549d1-23bc-e21d-1882-57ac37622641}" showlabel="true" locklevel="0">
                                <labels>
                                  <label description="Date" languagecode="1033" />
                                </labels>
                                <control id="adx_date" classid="{5B773807-9FB2-42db-97C3-7A91EFF8ADFF}" datafieldname="adx_date" disabled="false" />
                              </cell>
                            </row>
                            <row>
                              <cell id="{ae16d41a-decc-43ad-9a25-0a45b4aba146}" showlabel="true" locklevel="0">
                                <labels>
                                  <label description="Featured" languagecode="1033" />
                                </labels>
                                <control id="ace_featured" classid="{B0C6723A-8503-4fd7-BB28-C8A06AC933C2}" datafieldname="ace_featured" disabled="false" uniqueid="{ee486a38-52ed-7804-87b9-8a605b1c2d86}" />
                              </cell>
                              <cell id="{89c59ba7-a126-a12b-41b6-7db5d7d523d3}" showlabel="false">
                                <labels>
                                  <label description="" languagecode="1033" />
                                </labels>
                              </cell>
                            </row>
                          </rows>
                        </section>
                        <section name="{96402a84-a79d-4a93-9e4e-47a8eae8d82f}_section_2" showlabel="true" showbar="true" locklevel="0" id="{d227797a-be18-d988-7554-b2426e0a9389}" IsUserDefined="0" layout="varwidth" columns="11" labelwidth="115" celllabelalignment="Left" celllabelposition="Left" height="auto">
                          <labels>
                            <label description="Content" languagecode="1033" />
                          </labels>
                          <rows>
                            <row>
                              <cell id="{a899482e-6885-5517-6d6d-581d79cb190c}" showlabel="true" locklevel="0" colspan="2" rowspan="4" visible="false">
                                <labels>
                                  <label description="Summary" languagecode="1033" />
                                </labels>
                                <control id="adx_summary" classid="{E0DECE4B-6FC8-4a8f-A065-082708572369}" datafieldname="adx_summary" disabled="false" />
                              </cell>
                            </row>
                            <row />
                            <row />
                            <row />
                            <row>
                              <cell id="{5c8e1121-7c41-5751-2cb6-d781302c7705}" showlabel="true" colspan="2" auto="false" rowspan="16">
                                <labels>
                                  <label description="Summary (HTML)" languagecode="1033" />
                                </labels>
                                <control id="WebResource_adx_summary_ckeditor" classid="{9FDF5F91-88B1-47f4-AD53-C11EFC01A01D}">
                                  <parameters>
                                    <Url>adx_ckeditor/adx.ckeditor.html</Url>
                                    <PassParameters>false</PassParameters>
                                    <Security>false</Security>
                                    <Scrolling>auto</Scrolling>
                                    <Border>false</Border>
                                    <ShowInROF>false</ShowInROF>
                                    <Data>field=adx_summary</Data>
                                  </parameters>
                                </control>
                                <events>
                                  <event name="onload" application="false">
                                    <dependencies>
                                      <dependency id="adx_summary" />
                                    </dependencies>
                                  </event>
                                </events>
                              </cell>
                            </row>
                            <row />
                            <row />
                            <row />
                            <row />
                            <row />
                            <row />
                            <row />
                            <row />
                            <row />
                            <row />
                            <row />
                            <row />
                            <row />
                            <row />
                            <row />
                            <row>
                              <cell id="{a6d675c6-eab7-47d3-ab8a-bdc43a13728e}" showlabel="true" locklevel="0" colspan="2" auto="false" rowspan="8" visible="false">
                                <labels>
                                  <label description="Copy" languagecode="1033" />
                                </labels>
                                <control id="adx_copy" classid="{E0DECE4B-6FC8-4a8f-A065-082708572369}" datafieldname="adx_copy" disabled="false" />
                              </cell>
                            </row>
                            <row />
                            <row />
                            <row />
                            <row />
                            <row />
                            <row />
                            <row />
                            <row>
                              <cell id="{169435e1-5c90-283e-b016-deedc6799558}" showlabel="true" colspan="2" auto="false" rowspan="16">
                                <labels>
                                  <label description="Copy (HTML)" languagecode="1033" />
                                </labels>
                                <control id="WebResource_adx_copy_ckeditor" classid="{9FDF5F91-88B1-47f4-AD53-C11EFC01A01D}">
                                  <parameters>
                                    <Url>adx_ckeditor/adx.ckeditor.html</Url>
                                    <PassParameters>false</PassParameters>
                                    <Security>false</Security>
                                    <Scrolling>auto</Scrolling>
                                    <Border>false</Border>
                                    <ShowInROF>false</ShowInROF>
                                    <Data>field=adx_copy</Data>
                                  </parameters>
                                </control>
                                <events>
                                  <event name="onload" application="false">
                                    <dependencies>
                                      <dependency id="adx_copy" />
                                    </dependencies>
                                  </event>
                                </events>
                              </cell>
                            </row>
                            <row />
                            <row />
                            <row />
                            <row />
                            <row />
                            <row />
                            <row />
                            <row />
                            <row />
                            <row />
                            <row />
                            <row />
                            <row />
                            <row />
                            <row />
                          </rows>
                        </section>
                        <section name="{96402a84-a79d-4a93-9e4e-47a8eae8d82f}_section_3" showlabel="true" showbar="true" locklevel="0" id="{433243b6-dc18-89a5-baa4-5e976d0ccbc5}" IsUserDefined="0" layout="varwidth" columns="11" labelwidth="115" celllabelalignment="Left" celllabelposition="Left">
                          <labels>
                            <label description="Options" languagecode="1033" />
                          </labels>
                          <rows>
                            <row>
                              <cell id="{3a9cd3d9-2d64-c1e3-1ac5-91e2d557e4c4}" showlabel="true" locklevel="0">
                                <labels>
                                  <label description="Published" languagecode="1033" />
                                </labels>
                                <control id="adx_published" classid="{B0C6723A-8503-4fd7-BB28-C8A06AC933C2}" datafieldname="adx_published" disabled="false" />
                              </cell>
                              <cell id="{8e62c4c4-d5a0-0214-710d-21c9c876b89a}" showlabel="true" locklevel="0">
                                <labels>
                                  <label description="Enable Ratings" languagecode="1033" />
                                </labels>
                                <control id="adx_enableratings" classid="{B0C6723A-8503-4fd7-BB28-C8A06AC933C2}" datafieldname="adx_enableratings" disabled="false" />
                              </cell>
                            </row>
                            <row>
                              <cell id="{ea61cd78-e716-3ed9-62ab-89609ed5cd27}" showlabel="true" locklevel="0">
                                <labels>
                                  <label description="Comment Policy" languagecode="1033" />
                                </labels>
                                <control id="adx_commentpolicy" classid="{3EF39988-22BB-4f0b-BBBE-64B5A3748AEE}" datafieldname="adx_commentpolicy" disabled="false" />
                              </cell>
                              <cell id="{499d1a01-adab-2903-d8da-9d2a1cebe011}" showlabel="false">
                                <labels>
                                  <label description="" languagecode="1033" />
                                </labels>
                              </cell>
                            </row>
                          </rows>
                        </section>
                      </sections>
                    </column>
                  </columns>
                </tab>
                <tab name="tab_feedback" id="{6c3ad4c9-5d81-6b13-5c02-59c3d0d025b7}" IsUserDefined="0" locklevel="0" showlabel="true" expanded="true">
                  <labels>
                    <label description="Comments" languagecode="1033" />
                  </labels>
                  <columns>
                    <column width="100%">
                      <sections>
                        <section name="tab_4_section_1" showlabel="false" showbar="false" locklevel="0" id="{96883816-221b-6666-9c5a-9e61aebe8e41}" IsUserDefined="0" layout="varwidth" columns="11" labelwidth="115">
                          <labels>
                            <label description="Section" languagecode="1033" />
                          </labels>
                          <rows>
                            <row>
                              <cell id="{22043e90-6ba5-3b43-d64d-3811c4b65b6b}" showlabel="true" colspan="2" auto="false" rowspan="7">
                                <labels>
                                  <label description="Feedback" languagecode="1033" />
                                </labels>
                                <control id="feedback" classid="{E7A81278-8635-4d9e-8D4D-59480B391C5B}">
                                  <parameters>
                                    <ViewId>{f957cd62-6b44-4675-99d8-052f319eb314}</ViewId>
                                    <IsUserView>false</IsUserView>
                                    <RelationshipName>adx_blogpost_Feedback</RelationshipName>
                                    <TargetEntityType>feedback</TargetEntityType>
                                    <AutoExpand>Fixed</AutoExpand>
                                    <EnableQuickFind>false</EnableQuickFind>
                                    <EnableViewPicker>false</EnableViewPicker>
                                    <ViewIds>{f957cd62-6b44-4675-99d8-052f319eb314}</ViewIds>
                                    <EnableJumpBar>false</EnableJumpBar>
                                    <ChartGridMode>All</ChartGridMode>
                                    <VisualizationId />
                                    <IsUserChart>false</IsUserChart>
                                    <EnableChartPicker>true</EnableChartPicker>
                                    <RecordsPerPage>4</RecordsPerPage>
                                  </parameters>
                                </control>
                              </cell>
                            </row>
                            <row />
                            <row />
                            <row />
                            <row />
                            <row />
                            <row />
                          </rows>
                        </section>
                      </sections>
                    </column>
                  </columns>
                </tab>
                <tab name="tab_administration" id="{b1c52e32-c7a3-d6c8-d9d8-aa30d6a340e9}" IsUserDefined="0" locklevel="0" showlabel="true" expanded="true">
                  <labels>
                    <label description="Administration" languagecode="1033" />
                  </labels>
                  <columns>
                    <column width="100%">
                      <sections>
                        <section name="tab_3_section_1" showlabel="false" showbar="false" locklevel="0" id="{bda8ac22-9c90-9c45-2a47-577d0e181ba8}" IsUserDefined="0" layout="varwidth" columns="11" labelwidth="115">
                          <labels>
                            <label description="Section" languagecode="1033" />
                          </labels>
                          <rows>
                            <row>
                              <cell id="{d6cf8bbb-76f7-4e7a-9b9d-e5ec4de23338}" showlabel="true" locklevel="1" colspan="2">
                                <labels>
                                  <label description="Owner" languagecode="1033" />
                                </labels>
                                <control id="ownerid" classid="{270BD3DB-D9AF-4782-9025-509E298DEC0A}" datafieldname="ownerid" disabled="false">
                                  <parameters>
                                    <AutoResolve>true</AutoResolve>
                                    <DisableMru>false</DisableMru>
                                  </parameters>
                                </control>
                              </cell>
                            </row>
                            <row>
                              <cell id="{52e59396-44b2-90ac-ac4a-cd58749c1028}" showlabel="true" locklevel="0">
                                <labels>
                                  <label description="Created By (User Name)" languagecode="1033" />
                                </labels>
                                <control id="adx_createdbyusername" classid="{4273EDBD-AC1D-40d3-9FB2-095C621B552D}" datafieldname="adx_createdbyusername" disabled="false" />
                              </cell>
                              <cell id="{809c37ca-159a-2a35-ea04-dac91cc4d613}" showlabel="true" locklevel="0">
                                <labels>
                                  <label description="Created By (IP Address)" languagecode="1033" />
                                </labels>
                                <control id="adx_createdbyipaddress" classid="{4273EDBD-AC1D-40d3-9FB2-095C621B552D}" datafieldname="adx_createdbyipaddress" disabled="false" />
                              </cell>
                            </row>
                            <row>
                              <cell id="{c8db4c7b-1a8a-9ad7-b977-695bae949766}" showlabel="true" locklevel="0">
                                <labels>
                                  <label description="Modified By (User Name)" languagecode="1033" />
                                </labels>
                                <control id="adx_modifiedbyusername" classid="{4273EDBD-AC1D-40d3-9FB2-095C621B552D}" datafieldname="adx_modifiedbyusername" disabled="false" />
                              </cell>
                              <cell id="{d3d6b0a4-b047-90da-8876-cb2b3491614e}" showlabel="true" locklevel="0">
                                <labels>
                                  <label description="Modified By (IP Address)" languagecode="1033" />
                                </labels>
                                <control id="adx_modifiedbyipaddress" classid="{4273EDBD-AC1D-40d3-9FB2-095C621B552D}" datafieldname="adx_modifiedbyipaddress" disabled="false" />
                              </cell>
                            </row>
                          </rows>
                        </section>
                      </sections>
                    </column>
                  </columns>
                </tab>
                <tab id="{0ca4e592-26ff-47eb-87e8-8a4db24276a1}" IsUserDefined="0" expanded="false">
                  <labels>
                    <label description="Notes" languagecode="1033" />
                  </labels>
                  <columns>
                    <column width="100%">
                      <sections>
                        <section showlabel="false" showbar="false" id="{1456c911-e920-48aa-8045-285e14f2e120}" IsUserDefined="0" height="auto">
                          <labels>
                            <label description="Notes" languagecode="1033" />
                          </labels>
                          <rows>
                            <row>
                              <cell colspan="2" showlabel="false" rowspan="5" auto="true" id="{85429823-8cee-4c03-966a-a28b0a2828b9}">
                                <labels>
                                  <label description="Note Text" languagecode="1033" />
                                </labels>
                                <control id="notescontrol" classid="{06375649-c143-495e-a496-c962e5b4488e}" />
                              </cell>
                            </row>
                            <row />
                            <row />
                            <row />
                            <row height="auto" />
                          </rows>
                        </section>
                      </sections>
                    </column>
                  </columns>
                </tab>
              </tabs>
              <footer id="{08523893-c4e3-4a06-ba28-ed2ba8bbbf55}">
                <rows>
                  <row>
                    <cell id="{7798f881-72bf-4567-81c1-d802c2fc5dcb}">
                      <labels>
                        <label description="Status" languagecode="1033" />
                      </labels>
                      <control id="footer_statecode" classid="{3EF39988-22BB-4f0b-BBBE-64B5A3748AEE}" datafieldname="statecode" />
                    </cell>
                  </row>
                </rows>
              </footer>
              <Navigation>
                <NavBar></NavBar>
                <NavBarAreas>
                  <NavBarArea Id="Info">
                    <Titles>
                      <Title LCID="1033" Text="Common" />
                      <Title LCID="1026" Text="Обща информация" />
                      <Title LCID="1027" Text="Comú" />
                      <Title LCID="1029" Text="Obecné" />
                      <Title LCID="1030" Text="Almindelig" />
                      <Title LCID="1031" Text="Allgemein" />
                      <Title LCID="1032" Text="Κοινό" />
                      <Title LCID="3082" Text="Común" />
                      <Title LCID="1061" Text="Levinud" />
                      <Title LCID="1069" Text="Ohikoak" />
                      <Title LCID="1035" Text="Yhteiset" />
                      <Title LCID="1036" Text="Éléments communs" />
                      <Title LCID="1110" Text="Común" />
                      <Title LCID="1081" Text="सामान्य" />
                      <Title LCID="1050" Text="Uobičajeno" />
                      <Title LCID="1038" Text="Általános" />
                      <Title LCID="1057" Text="Umum" />
                      <Title LCID="1040" Text="Elementi comuni" />
                      <Title LCID="1087" Text="Жалпы" />
                      <Title LCID="1063" Text="Bendra" />
                      <Title LCID="1062" Text="Kopējs" />
                      <Title LCID="1086" Text="Umum" />
                      <Title LCID="1044" Text="Felles" />
                      <Title LCID="1043" Text="Algemeen" />
                      <Title LCID="1045" Text="Wspólne" />
                      <Title LCID="1046" Text="Comum" />
                      <Title LCID="2070" Text="Comum" />
                      <Title LCID="1048" Text="Comun" />
                      <Title LCID="1049" Text="Общее" />
                      <Title LCID="1051" Text="Spoločné" />
                      <Title LCID="1060" Text="Splošno" />
                      <Title LCID="3098" Text="Уобичајено" />
                      <Title LCID="2074" Text="Uobičajeno" />
                      <Title LCID="9242" Text="Uobičajeno" />
                      <Title LCID="1053" Text="Gemensamt" />
                      <Title LCID="1054" Text="ทั่วไป" />
                      <Title LCID="1055" Text="Ortak" />
                      <Title LCID="1058" Text="Загальне" />
                      <Title LCID="1066" Text="Thông thường" />
                      <Title LCID="1041" Text="共通" />
                      <Title LCID="1042" Text="일반" />
                      <Title LCID="10266" Text="Уобичајено" />
                      <Title LCID="2052" Text="公用" />
                      <Title LCID="3076" Text="一般" />
                      <Title LCID="1028" Text="一般" />
                    </Titles>
                  </NavBarArea>
                  <NavBarArea Id="Sales">
                    <Titles>
                      <Title LCID="1033" Text="Sales" />
                      <Title LCID="1026" Text="Продажби" />
                      <Title LCID="1027" Text="Vendes" />
                      <Title LCID="1029" Text="Prodej" />
                      <Title LCID="1030" Text="Salg" />
                      <Title LCID="1031" Text="Vertrieb" />
                      <Title LCID="1032" Text="Πωλήσεις" />
                      <Title LCID="3082" Text="Ventas" />
                      <Title LCID="1061" Text="Müük" />
                      <Title LCID="1069" Text="Salmentak" />
                      <Title LCID="1035" Text="Myynti" />
                      <Title LCID="1036" Text="Ventes" />
                      <Title LCID="1110" Text="Vendas" />
                      <Title LCID="1081" Text="विक्रय" />
                      <Title LCID="1050" Text="Prodaja" />
                      <Title LCID="1038" Text="Értékesítés" />
                      <Title LCID="1057" Text="Penjualan" />
                      <Title LCID="1040" Text="Vendite" />
                      <Title LCID="1087" Text="Сатылым" />
                      <Title LCID="1063" Text="Pardavimas" />
                      <Title LCID="1062" Text="Pārdošana" />
                      <Title LCID="1086" Text="Jualan" />
                      <Title LCID="1044" Text="Salg" />
                      <Title LCID="1043" Text="Verkoop" />
                      <Title LCID="1045" Text="Sprzedaż" />
                      <Title LCID="1046" Text="Vendas" />
                      <Title LCID="2070" Text="Vendas" />
                      <Title LCID="1048" Text="Vânzări" />
                      <Title LCID="1049" Text="Продажи" />
                      <Title LCID="1051" Text="Predaj" />
                      <Title LCID="1060" Text="Prodaja" />
                      <Title LCID="3098" Text="Продаја" />
                      <Title LCID="2074" Text="Prodaja" />
                      <Title LCID="9242" Text="Prodaja" />
                      <Title LCID="1053" Text="Försäljning" />
                      <Title LCID="1054" Text="การขาย" />
                      <Title LCID="1055" Text="Satış" />
                      <Title LCID="1058" Text="Збут" />
                      <Title LCID="1066" Text="Bán hàng" />
                      <Title LCID="1041" Text="営業" />
                      <Title LCID="1042" Text="영업" />
                      <Title LCID="10266" Text="Продаја" />
                      <Title LCID="2052" Text="销售" />
                      <Title LCID="3076" Text="銷售" />
                      <Title LCID="1028" Text="銷售" />
                    </Titles>
                  </NavBarArea>
                  <NavBarArea Id="Service">
                    <Titles>
                      <Title LCID="1033" Text="Service" />
                      <Title LCID="1026" Text="Обслужване" />
                      <Title LCID="1027" Text="Servei" />
                      <Title LCID="1029" Text="Služby" />
                      <Title LCID="1030" Text="Service" />
                      <Title LCID="1031" Text="Service" />
                      <Title LCID="1032" Text="Υπηρεσία" />
                      <Title LCID="3082" Text="Servicio" />
                      <Title LCID="1061" Text="Teenindus" />
                      <Title LCID="1069" Text="Zerbitzua" />
                      <Title LCID="1035" Text="Palvelu" />
                      <Title LCID="1036" Text="Service" />
                      <Title LCID="1110" Text="Servizo" />
                      <Title LCID="1081" Text="सेवा" />
                      <Title LCID="1050" Text="Usluga" />
                      <Title LCID="1038" Text="Szolgáltatás" />
                      <Title LCID="1057" Text="Layanan" />
                      <Title LCID="1040" Text="Servizio" />
                      <Title LCID="1087" Text="Қызмет" />
                      <Title LCID="1063" Text="Paslauga" />
                      <Title LCID="1062" Text="Serviss" />
                      <Title LCID="1086" Text="Perkhidmatan" />
                      <Title LCID="1044" Text="Service" />
                      <Title LCID="1043" Text="Service" />
                      <Title LCID="1045" Text="Usługa" />
                      <Title LCID="1046" Text="Serviço" />
                      <Title LCID="2070" Text="Serviço" />
                      <Title LCID="1048" Text="Serviciu" />
                      <Title LCID="1049" Text="Сервис" />
                      <Title LCID="1051" Text="Služba" />
                      <Title LCID="1060" Text="Storitev" />
                      <Title LCID="3098" Text="Услуга" />
                      <Title LCID="2074" Text="Usluga" />
                      <Title LCID="9242" Text="Usluga" />
                      <Title LCID="1053" Text="Tjänst" />
                      <Title LCID="1054" Text="การบริการ" />
                      <Title LCID="1055" Text="Servis" />
                      <Title LCID="1058" Text="Послуга" />
                      <Title LCID="1066" Text="Dịch vụ" />
                      <Title LCID="1041" Text="サービス" />
                      <Title LCID="1042" Text="서비스" />
                      <Title LCID="10266" Text="Услуга" />
                      <Title LCID="2052" Text="服务" />
                      <Title LCID="3076" Text="服務" />
                      <Title LCID="1028" Text="服務" />
                    </Titles>
                  </NavBarArea>
                  <NavBarArea Id="Marketing">
                    <Titles>
                      <Title LCID="1033" Text="Marketing" />
                      <Title LCID="1026" Text="Маркетинг" />
                      <Title LCID="1027" Text="Màrqueting" />
                      <Title LCID="1029" Text="Marketing" />
                      <Title LCID="1030" Text="Marketing" />
                      <Title LCID="1031" Text="Marketing" />
                      <Title LCID="1032" Text="Μάρκετινγκ" />
                      <Title LCID="3082" Text="Marketing" />
                      <Title LCID="1061" Text="Turundus" />
                      <Title LCID="1069" Text="Marketina" />
                      <Title LCID="1035" Text="Markkinointi" />
                      <Title LCID="1036" Text="Marketing" />
                      <Title LCID="1110" Text="Márketing" />
                      <Title LCID="1081" Text="मार्केटिंग" />
                      <Title LCID="1050" Text="Marketing" />
                      <Title LCID="1038" Text="Marketing" />
                      <Title LCID="1057" Text="Pemasaran" />
                      <Title LCID="1040" Text="Marketing" />
                      <Title LCID="1087" Text="Маркетинг" />
                      <Title LCID="1063" Text="Rinkodara" />
                      <Title LCID="1062" Text="Mārketings" />
                      <Title LCID="1086" Text="Pemasaran" />
                      <Title LCID="1044" Text="Markedsføring" />
                      <Title LCID="1043" Text="Marketing" />
                      <Title LCID="1045" Text="Marketing" />
                      <Title LCID="1046" Text="Marketing" />
                      <Title LCID="2070" Text="Marketing" />
                      <Title LCID="1048" Text="Marketing" />
                      <Title LCID="1049" Text="Маркетинг" />
                      <Title LCID="1051" Text="Marketing" />
                      <Title LCID="1060" Text="Trženje" />
                      <Title LCID="3098" Text="Маркетинг" />
                      <Title LCID="2074" Text="Marketing" />
                      <Title LCID="9242" Text="Marketing" />
                      <Title LCID="1053" Text="Marknadsföring" />
                      <Title LCID="1054" Text="การตลาด" />
                      <Title LCID="1055" Text="Pazarlama" />
                      <Title LCID="1058" Text="Маркетинг" />
                      <Title LCID="1066" Text="Tiếp thị" />
                      <Title LCID="1041" Text="マーケティング" />
                      <Title LCID="1042" Text="마케팅" />
                      <Title LCID="10266" Text="Маркетинг" />
                      <Title LCID="2052" Text="市场营销" />
                      <Title LCID="3076" Text="行銷" />
                      <Title LCID="1028" Text="行銷" />
                    </Titles>
                  </NavBarArea>
                  <NavBarArea Id="ProcessCenter">
                    <Titles>
                      <Title LCID="1033" Text="Processes" />
                      <Title LCID="1026" Text="Процеси" />
                      <Title LCID="1027" Text="Processos" />
                      <Title LCID="1029" Text="Procesy" />
                      <Title LCID="1030" Text="Processer" />
                      <Title LCID="1031" Text="Prozesse" />
                      <Title LCID="1032" Text="Διεργασίες" />
                      <Title LCID="3082" Text="Procesos" />
                      <Title LCID="1061" Text="Protsessid" />
                      <Title LCID="1069" Text="Prozesuak" />
                      <Title LCID="1035" Text="Prosessit" />
                      <Title LCID="1036" Text="Processus" />
                      <Title LCID="1110" Text="Procesos" />
                      <Title LCID="1081" Text="प्रक्रियाएँ" />
                      <Title LCID="1050" Text="Procesi" />
                      <Title LCID="1038" Text="Folyamatok" />
                      <Title LCID="1057" Text="Proses" />
                      <Title LCID="1040" Text="Processi" />
                      <Title LCID="1087" Text="Процестер" />
                      <Title LCID="1063" Text="Procesai" />
                      <Title LCID="1062" Text="Procesi" />
                      <Title LCID="1086" Text="Proses" />
                      <Title LCID="1044" Text="Prosesser" />
                      <Title LCID="1043" Text="Processen" />
                      <Title LCID="1045" Text="Procesy" />
                      <Title LCID="1046" Text="Processos" />
                      <Title LCID="2070" Text="Processos" />
                      <Title LCID="1048" Text="Procese" />
                      <Title LCID="1049" Text="Процессы" />
                      <Title LCID="1051" Text="Procesy" />
                      <Title LCID="1060" Text="Procesi" />
                      <Title LCID="3098" Text="Процеси" />
                      <Title LCID="2074" Text="Procesi" />
                      <Title LCID="9242" Text="Procesi" />
                      <Title LCID="1053" Text="Processer" />
                      <Title LCID="1054" Text="กระบวนการ" />
                      <Title LCID="1055" Text="İşlemler" />
                      <Title LCID="1058" Text="Процеси" />
                      <Title LCID="1066" Text="Quy trình" />
                      <Title LCID="1041" Text="プロセス" />
                      <Title LCID="1042" Text="프로세스" />
                      <Title LCID="10266" Text="Процеси" />
                      <Title LCID="2052" Text="流程" />
                      <Title LCID="3076" Text="程序" />
                      <Title LCID="1028" Text="程序" />
                    </Titles>
                  </NavBarArea>
                </NavBarAreas>
              </Navigation>
              <controlDescriptions />
            </form>
            <LocalizedNames>
              <LocalizedName description="Information" languagecode="1033" />
            </LocalizedNames>
            <Descriptions>
              <Description description="A form for this entity." languagecode="1033" />
            </Descriptions>
          </systemform>
        </forms>
      </FormXml>
      <RibbonDiffXml>
        <CustomActions />
        <Templates>
          <RibbonTemplates Id="Mscrm.Templates"></RibbonTemplates>
        </Templates>
        <CommandDefinitions />
        <RuleDefinitions>
          <TabDisplayRules />
          <DisplayRules />
          <EnableRules />
        </RuleDefinitions>
        <LocLabels />
      </RibbonDiffXml>
    </Entity>
  </Entities>
  <Roles></Roles>
  <Workflows></Workflows>
  <FieldSecurityProfiles></FieldSecurityProfiles>
  <Templates />
  <EntityMaps />
  <EntityRelationships />
  <OrganizationSettings />
  <optionsets />
  <CustomControls />
  <EntityDataProviders />
  <Languages>
    <Language>1033</Language>
  </Languages>
</ImportExportXml>