<ImportExportXml version="9.1.0.6425" SolutionPackageVersion="9.1" languagecode="1033" generatedBy="CrmLive" xmlns:xsi="http://www.w3.org/2001/XMLSchema-instance">
  <SolutionManifest>
    <UniqueName>DCNCommunityPortal</UniqueName>
    <LocalizedNames>
      <LocalizedName description="DCN Community Portal" languagecode="1033" />
    </LocalizedNames>
    <Descriptions />
    <Version>2019.07.09.0654</Version>
    <Managed>0</Managed>
    <Publisher>
      <UniqueName>DefaultPublisherarts1</UniqueName>
      <LocalizedNames>
        <LocalizedName description="Arts Council England" languagecode="1033" />
      </LocalizedNames>
      <Descriptions>
        <Description description="Default publisher for the Arts Council of England" languagecode="1033" />
      </Descriptions>
      <EMailAddress xsi:nil="true"></EMailAddress>
      <SupportingWebsiteUrl xsi:nil="true"></SupportingWebsiteUrl>
      <CustomizationPrefix>ace</CustomizationPrefix>
      <CustomizationOptionValuePrefix>80529</CustomizationOptionValuePrefix>
      <Addresses>
        <Address>
          <AddressNumber>1</AddressNumber>
          <AddressTypeCode xsi:nil="true"></AddressTypeCode>
          <City xsi:nil="true"></City>
          <County xsi:nil="true"></County>
          <Country xsi:nil="true"></Country>
          <Fax xsi:nil="true"></Fax>
          <FreightTermsCode xsi:nil="true"></FreightTermsCode>
          <ImportSequenceNumber xsi:nil="true"></ImportSequenceNumber>
          <Latitude xsi:nil="true"></Latitude>
          <Line1 xsi:nil="true"></Line1>
          <Line2 xsi:nil="true"></Line2>
          <Line3 xsi:nil="true"></Line3>
          <Longitude xsi:nil="true"></Longitude>
          <Name xsi:nil="true"></Name>
          <PostalCode xsi:nil="true"></PostalCode>
          <PostOfficeBox xsi:nil="true"></PostOfficeBox>
          <PrimaryContactName xsi:nil="true"></PrimaryContactName>
          <ShippingMethodCode xsi:nil="true"></ShippingMethodCode>
          <StateOrProvince xsi:nil="true"></StateOrProvince>
          <Telephone1 xsi:nil="true"></Telephone1>
          <Telephone2 xsi:nil="true"></Telephone2>
          <Telephone3 xsi:nil="true"></Telephone3>
          <TimeZoneRuleVersionNumber xsi:nil="true"></TimeZoneRuleVersionNumber>
          <UPSZone xsi:nil="true"></UPSZone>
          <UTCOffset xsi:nil="true"></UTCOffset>
          <UTCConversionTimeZoneCode xsi:nil="true"></UTCConversionTimeZoneCode>
        </Address>
        <Address>
          <AddressNumber>2</AddressNumber>
          <AddressTypeCode xsi:nil="true"></AddressTypeCode>
          <City xsi:nil="true"></City>
          <County xsi:nil="true"></County>
          <Country xsi:nil="true"></Country>
          <Fax xsi:nil="true"></Fax>
          <FreightTermsCode xsi:nil="true"></FreightTermsCode>
          <ImportSequenceNumber xsi:nil="true"></ImportSequenceNumber>
          <Latitude xsi:nil="true"></Latitude>
          <Line1 xsi:nil="true"></Line1>
          <Line2 xsi:nil="true"></Line2>
          <Line3 xsi:nil="true"></Line3>
          <Longitude xsi:nil="true"></Longitude>
          <Name xsi:nil="true"></Name>
          <PostalCode xsi:nil="true"></PostalCode>
          <PostOfficeBox xsi:nil="true"></PostOfficeBox>
          <PrimaryContactName xsi:nil="true"></PrimaryContactName>
          <ShippingMethodCode xsi:nil="true"></ShippingMethodCode>
          <StateOrProvince xsi:nil="true"></StateOrProvince>
          <Telephone1 xsi:nil="true"></Telephone1>
          <Telephone2 xsi:nil="true"></Telephone2>
          <Telephone3 xsi:nil="true"></Telephone3>
          <TimeZoneRuleVersionNumber xsi:nil="true"></TimeZoneRuleVersionNumber>
          <UPSZone xsi:nil="true"></UPSZone>
          <UTCOffset xsi:nil="true"></UTCOffset>
          <UTCConversionTimeZoneCode xsi:nil="true"></UTCConversionTimeZoneCode>
        </Address>
      </Addresses>
    </Publisher>
    <RootComponents>
      <RootComponent type="1" schemaName="adx_blogpost" behavior="2" />
      <RootComponent type="60" id="{0a9353a1-4a9c-4ebc-8c3f-cd3bb66ff032}" />
    </RootComponents>
    <MissingDependencies>
      <MissingDependency>
        <Required key="0" type="1" schemaName="adx_blogpost" displayName="Blog Post" solution="MicrosoftBlogs (9.0.12.10)" />
        <Dependent key="1" type="2" schemaName="ace_featured" displayName="Featured" parentSchemaName="adx_blogpost" parentDisplayName="Blog Post" />
      </MissingDependency>
      <MissingDependency>
        <Required key="0" type="1" schemaName="adx_blogpost" displayName="Blog Post" solution="MicrosoftBlogs (9.0.12.10)" />
        <Dependent key="0" type="1" schemaName="adx_blogpost" displayName="Blog Post" />
      </MissingDependency>
      <MissingDependency>
        <Required key="2" type="2" schemaName="adx_modifiedbyusername" displayName="Modified By (Username)" parentSchemaName="adx_blogpost" parentDisplayName="Blog Post" solution="MicrosoftBlogs (9.0.12.10)" />
        <Dependent key="3" type="60" displayName="Information" parentDisplayName="Blog Post" id="{0a9353a1-4a9c-4ebc-8c3f-cd3bb66ff032}" />
      </MissingDependency>
      <MissingDependency>
        <Required key="4" type="2" schemaName="adx_modifiedbyipaddress" displayName="Modified By (IP Address)" parentSchemaName="adx_blogpost" parentDisplayName="Blog Post" solution="MicrosoftBlogs (9.0.12.10)" />
        <Dependent key="3" type="60" displayName="Information" parentDisplayName="Blog Post" id="{0a9353a1-4a9c-4ebc-8c3f-cd3bb66ff032}" />
      </MissingDependency>
      <MissingDependency>
        <Required key="5" type="2" schemaName="adx_partialurl" displayName="Partial URL" parentSchemaName="adx_blogpost" parentDisplayName="Blog Post" solution="MicrosoftBlogs (9.0.12.10)" />
        <Dependent key="3" type="60" displayName="Information" parentDisplayName="Blog Post" id="{0a9353a1-4a9c-4ebc-8c3f-cd3bb66ff032}" />
      </MissingDependency>
      <MissingDependency>
        <Required key="6" type="2" schemaName="adx_createdbyusername" displayName="Created By (Username)" parentSchemaName="adx_blogpost" parentDisplayName="Blog Post" solution="MicrosoftBlogs (9.0.12.10)" />
        <Dependent key="3" type="60" displayName="Information" parentDisplayName="Blog Post" id="{0a9353a1-4a9c-4ebc-8c3f-cd3bb66ff032}" />
      </MissingDependency>
      <MissingDependency>
        <Required key="7" type="2" schemaName="ownerid" displayName="Owner" parentSchemaName="adx_blogpost" parentDisplayName="Blog Post" solution="Active" />
        <Dependent key="3" type="60" displayName="Information" parentDisplayName="Blog Post" id="{0a9353a1-4a9c-4ebc-8c3f-cd3bb66ff032}" />
      </MissingDependency>
      <MissingDependency>
        <Required key="8" type="2" schemaName="adx_name" displayName="Title" parentSchemaName="adx_blogpost" parentDisplayName="Blog Post" solution="MicrosoftBlogs (9.0.12.10)" />
        <Dependent key="3" type="60" displayName="Information" parentDisplayName="Blog Post" id="{0a9353a1-4a9c-4ebc-8c3f-cd3bb66ff032}" />
      </MissingDependency>
      <MissingDependency>
        <Required key="9" type="2" schemaName="adx_published" displayName="Published" parentSchemaName="adx_blogpost" parentDisplayName="Blog Post" solution="MicrosoftBlogs (9.0.12.10)" />
        <Dependent key="3" type="60" displayName="Information" parentDisplayName="Blog Post" id="{0a9353a1-4a9c-4ebc-8c3f-cd3bb66ff032}" />
      </MissingDependency>
      <MissingDependency>
        <Required key="10" type="2" schemaName="adx_authorid" displayName="Author" parentSchemaName="adx_blogpost" parentDisplayName="Blog Post" solution="MicrosoftBlogs (9.0.12.10)" />
        <Dependent key="3" type="60" displayName="Information" parentDisplayName="Blog Post" id="{0a9353a1-4a9c-4ebc-8c3f-cd3bb66ff032}" />
      </MissingDependency>
      <MissingDependency>
        <Required key="11" type="2" schemaName="statecode" displayName="Status" parentSchemaName="adx_blogpost" parentDisplayName="Blog Post" solution="MicrosoftBlogs (9.0.12.10)" />
        <Dependent key="3" type="60" displayName="Information" parentDisplayName="Blog Post" id="{0a9353a1-4a9c-4ebc-8c3f-cd3bb66ff032}" />
      </MissingDependency>
      <MissingDependency>
        <Required key="12" type="2" schemaName="adx_createdbyipaddress" displayName="Created By (IP Address)" parentSchemaName="adx_blogpost" parentDisplayName="Blog Post" solution="MicrosoftBlogs (9.0.12.10)" />
        <Dependent key="3" type="60" displayName="Information" parentDisplayName="Blog Post" id="{0a9353a1-4a9c-4ebc-8c3f-cd3bb66ff032}" />
      </MissingDependency>
      <MissingDependency>
        <Required key="13" type="2" schemaName="adx_summary" displayName="Summary" parentSchemaName="adx_blogpost" parentDisplayName="Blog Post" solution="MicrosoftBlogs (9.0.12.10)" />
        <Dependent key="3" type="60" displayName="Information" parentDisplayName="Blog Post" id="{0a9353a1-4a9c-4ebc-8c3f-cd3bb66ff032}" />
      </MissingDependency>
      <MissingDependency>
        <Required key="14" type="2" schemaName="adx_enableratings" displayName="Enable Ratings" parentSchemaName="adx_blogpost" parentDisplayName="Blog Post" solution="MicrosoftBlogs (9.0.12.10)" />
        <Dependent key="3" type="60" displayName="Information" parentDisplayName="Blog Post" id="{0a9353a1-4a9c-4ebc-8c3f-cd3bb66ff032}" />
      </MissingDependency>
      <MissingDependency>
        <Required key="15" type="2" schemaName="adx_commentpolicy" displayName="Comment Policy" parentSchemaName="adx_blogpost" parentDisplayName="Blog Post" solution="MicrosoftBlogs (9.0.12.10)" />
        <Dependent key="3" type="60" displayName="Information" parentDisplayName="Blog Post" id="{0a9353a1-4a9c-4ebc-8c3f-cd3bb66ff032}" />
      </MissingDependency>
      <MissingDependency>
        <Required key="16" type="2" schemaName="adx_blogid" displayName="Blog" parentSchemaName="adx_blogpost" parentDisplayName="Blog Post" solution="MicrosoftBlogs (9.0.12.10)" />
        <Dependent key="3" type="60" displayName="Information" parentDisplayName="Blog Post" id="{0a9353a1-4a9c-4ebc-8c3f-cd3bb66ff032}" />
      </MissingDependency>
      <MissingDependency>
        <Required key="17" type="2" schemaName="adx_copy" displayName="Copy" parentSchemaName="adx_blogpost" parentDisplayName="Blog Post" solution="MicrosoftBlogs (9.0.12.10)" />
        <Dependent key="3" type="60" displayName="Information" parentDisplayName="Blog Post" id="{0a9353a1-4a9c-4ebc-8c3f-cd3bb66ff032}" />
      </MissingDependency>
      <MissingDependency>
        <Required key="18" type="2" schemaName="adx_date" displayName="Date" parentSchemaName="adx_blogpost" parentDisplayName="Blog Post" solution="MicrosoftBlogs (9.0.12.10)" />
        <Dependent key="3" type="60" displayName="Information" parentDisplayName="Blog Post" id="{0a9353a1-4a9c-4ebc-8c3f-cd3bb66ff032}" />
      </MissingDependency>
      <MissingDependency>
        <Required key="19" type="10" schemaName="adx_blog_blogpost" displayName="adx_blog_blogpost" parentSchemaName="adx_blogpost" parentDisplayName="Blog Post" solution="MicrosoftBlogs (9.0.12.10)" />
        <Dependent key="3" type="60" displayName="Information" parentDisplayName="Blog Post" id="{0a9353a1-4a9c-4ebc-8c3f-cd3bb66ff032}" />
      </MissingDependency>
      <MissingDependency>
        <Required key="20" type="10" schemaName="adx_contact_blogpost" displayName="adx_contact_blogpost" parentSchemaName="adx_blogpost" parentDisplayName="Blog Post" solution="MicrosoftBlogs (9.0.12.10)" />
        <Dependent key="3" type="60" displayName="Information" parentDisplayName="Blog Post" id="{0a9353a1-4a9c-4ebc-8c3f-cd3bb66ff032}" />
      </MissingDependency>
      <MissingDependency>
        <Required key="21" type="26" schemaName="Blog Lookup View" displayName="Blog Lookup View" parentSchemaName="adx_blog" parentDisplayName="Blog" solution="MicrosoftBlogs (9.0.12.10)" id="{0fe956ff-5ee7-4eaf-9217-7d27d967c985}" />
        <Dependent key="3" type="60" displayName="Information" parentDisplayName="Blog Post" id="{0a9353a1-4a9c-4ebc-8c3f-cd3bb66ff032}" />
      </MissingDependency>
      <MissingDependency>
        <Required key="22" type="26" schemaName="Comments" displayName="Comments" parentSchemaName="feedback" parentDisplayName="Feedback" solution="Feedback (9.0.12.10)" id="{f957cd62-6b44-4675-99d8-052f319eb314}" />
        <Dependent key="3" type="60" displayName="Information" parentDisplayName="Blog Post" id="{0a9353a1-4a9c-4ebc-8c3f-cd3bb66ff032}" />
      </MissingDependency>
      <MissingDependency>
        <Required key="3" type="60" displayName="Information" parentDisplayName="Blog Post" solution="MicrosoftBlogs (9.0.12.10)" id="{0a9353a1-4a9c-4ebc-8c3f-cd3bb66ff032}" />
        <Dependent key="3" type="60" displayName="Information" parentDisplayName="Blog Post" id="{0a9353a1-4a9c-4ebc-8c3f-cd3bb66ff032}" />
      </MissingDependency>
      <MissingDependency>
        <Required key="23" type="61" schemaName="adx_ckeditor/adx.ckeditor.html" displayName="adx_ckeditor/adx.ckeditor.html" solution="MicrosoftCrmPortalBase (9.0.12.10)" />
        <Dependent key="3" type="60" displayName="Information" parentDisplayName="Blog Post" id="{0a9353a1-4a9c-4ebc-8c3f-cd3bb66ff032}" />
      </MissingDependency>
    </MissingDependencies>
  </SolutionManifest>
</ImportExportXml>